App ID,Primary Owner,Year First Use/Face Value,File Date,Watershed,JANUARY,FEBRUARY,MARCH,APRIL,MAY,JUNE,JULY,AUGUST,SEPTEMBER,OCTOBER,NOVEMBER,DECEMBER,LATITUDE,LONGITUDE,HUC_8,HUC_10,HUC_12,Year,Priority
A1,SHELBY MARLO,1800,1800,WHITMORE,7,7,7,7,7,7,7,7,7,7,7,7,,,,,F,,1
A2,"WHITE MALLARD, INC.",1800,1861,COLUSA BASIN,4,4,4,4,4,4,4,4,4,4,4,4,,,,,C,,2
A3,GRAEAGLE LAND & WATER COMPANY,1820,1820,FEATHER RIVER,8,8,8,8,8,8,8,8,8,8,8,8,,,,,B,,3
A4,GRAEAGLE LAND & WATER COMPANY,1820,1820,FEATHER RIVER,8,8,8,8,8,8,8,8,8,8,8,8,,,,,A,,4
A5,MELVIN A HOY,1821,1821,REDDING,8,8,8,8,8,8,8,8,8,8,8,8,,,,,H,,5
A6,CAMPTONVILLE COMMUNITY SERVICES DISTRICT,1848,1848,YUBA RIVER,4,4,4,4,4,4,4,4,4,4,4,4,,,,,E,,6
A7,CITY OF SACRAMENTO,1849,1854,VALLEY-AMERICAN,3,3,3,3,3,3,3,3,3,3,3,3,,,,,D,,7
A8,TED CRUM,1850,1850,PIT RIVER,9,9,9,9,9,9,9,9,9,9,9,9,,,,,E,,8
A9,DAVID GARST,1850,1850,TEHAMA,9,9,9,9,9,9,9,9,9,9,9,9,,,,,G,,9
A10,TED CRUM,1850,1850,PIT RIVER,7,7,7,7,7,7,7,7,7,7,7,7,,,,,F,,10
A11,DAVID GARST,1850,1850,EASTERN TEHAMA,10,10,10,10,10,10,10,10,10,10,10,10,,,,,A,,11
