App ID,Primary Owner,Year First Use,File Date,Watershed,JANUARY,FEBRUARY,MARCH,APRIL,MAY,JUNE,JULY,AUGUST,SEPTEMBER,OCTOBER,NOVEMBER,DECEMBER,LATITUDE,LONGITUDE,HUC_8,HUC_10,HUC_12
S1,MIKE BASICH,1982,,BEAR RIVER,7,7,7,7,7,7,7,7,7,7,7,7,,,,,F
S2,U S MENDOCINO NATL FOREST,1907,,BALL MOUNTAIN,4,4,4,4,4,4,4,4,4,4,4,4,,,,,C
S3,LINDA BIRGE,1918,,YUBA RIVER,8,8,8,8,8,8,8,8,8,8,8,8,,,,,B
S4,BROC G ZOLLER,1850,,CACHE CREEK,8,8,8,8,8,8,8,8,8,8,8,8,,,,,A
S5,RON KUENTZ,1930,,BUTTE CREEK,8,8,8,8,8,8,8,8,8,8,8,8,,,,,H
S6,LEROY ROSSOTT,1981,,PUTAH CREEK,4,4,4,4,4,4,4,4,4,4,4,4,,,,,E
S7,WOLFE-SCHAFER & COFFEE,1972,,BUTTE CREEK,3,3,3,3,3,3,3,3,3,3,3,3,,,,,D
S8,CLIFFORD K OILAR,1873,,PIT RIVER,9,9,9,9,9,9,9,9,9,9,9,9,,,,,E
S9,JAMES M YOUNG,1978,,FEATHER RIVER,9,9,9,9,9,9,9,9,9,9,9,9,,,,,G
S10,CLIFFORD K OILAR,1873,,PIT RIVER,7,7,7,7,7,7,7,7,7,7,7,7,,,,,F
S11,THE CHURCH OF SACRAMENTO,1998,,YUBA RIVER,10,10,10,10,10,10,10,10,10,10,10,10,,,,,A
